id,grupo,veiculo,dominio,data_publicacao,url,titulo,idioma_detectado,foi_traduzido
e0e82ff53fd8,eua,Fox News,foxnews.com,2026-09-01T14:39:39Z,https://www.foxnews.com/world/israel-captures-top-hamas-commander-gaza-strike-defense-minister-says,"Israel captures top Hamas commander in Gaza strike, defense minister says",en,False
1d727eecb74d,eua,Fox News,foxnews.com,2026-09-07T02:29:06Z,https://www.foxnews.com/entertainment/michael-rapaport-slams-clown-macklemore-anti-israel-performance,Michael Rapaport slams 'clown' Macklemore for anti-Israel performance,en,False
23a65a20479a,eua,Fox News,foxnews.com,2026-09-12T20:03:13Z,https://www.foxnews.com/entertainment/pink-hits-back-backlash-criticizing-macklemore-pro-palestinian-concert-remarks,Pink hits back amid backlash for criticizing Macklemore's pro-Palestinian concert remarks,en,False
dafd76bb38a0,eua,Fox News,foxnews.com,2026-09-28T21:17:50Z,https://www.foxnews.com/media/nobody-wants-this-star-accuses-israel-genocide,'Nobody Wants This' star accuses Israel of 'genocide',en,False
f93c52db4e15,eua,Fox News,foxnews.com,2026-09-05T16:11:25Z,https://www.foxnews.com/media/abdul-el-sayed-erupts-over-repeated-israel-questions-suggests-his-name-faith-behind-press-scrutiny,"Abdul El-Sayed hits back at Israel questions, suggests his name and faith are behind press scrutiny",en,False
d66903b3b1fe,eua,Fox News,foxnews.com,2026-09-06T18:45:25Z,https://www.foxnews.com/media/raskin-calls-pikers-rhetoric-irrelevant-distraction-streamer-said-hed-vote-hamas-over-israel,Raskin calls Piker’s rhetoric 'irrelevant distraction' after the streamer said he'd vote for Hamas over Israel,en,False
e1492f36cde7,eua,Fox News,foxnews.com,2026-09-16T01:16:51Z,https://www.foxnews.com/media/ms-rachel-backlash-gaza-posts-doesnt-faze-calls-out-celebrity-silence,Ms Rachel says backlash over her Gaza posts 'doesn't faze' her as she calls out celebrity silence,en,False
28f28ca9ffec,eua,Fox News,foxnews.com,2026-09-23T12:00:42Z,https://www.foxnews.com/politics/lost-translation-israel-huckabee-blast-macron-over-hamas-comments-france-clarifies-wording,"Lost in translation: Israel, Huckabee blast Macron over Hamas comments as France clarifies wording",en,False
d484e350670d,eua,Fox News,foxnews.com,2026-09-02T01:37:57Z,https://www.foxnews.com/politics/top-democrat-survives-double-barreled-challenge-partys-israel-divide-hits-home,Top Democrat survives double-barreled challenge as party’s Israel divide hits home,en,False
94ee619c611d,eua,Fox News,foxnews.com,2026-09-23T21:45:13Z,https://www.foxnews.com/media/new-york-times-faces-shareholder-lawsuit-over-alleged-anti-israel-bias,New York Times faces shareholder lawsuit over alleged anti-Israel bias,en,False
14bd9779760b,brasil,UOL,uol.com.br,2026-09-14T00:36:47Z,https://www1.folha.uol.com.br/ilustrada/2026/09/ministro-de-israel-quer-tirar-nacionalidade-de-cineastas-premiados-em-veneza.shtml,,pt,True
5bb54b487f92,brasil,UOL,uol.com.br,2026-09-14T17:51:51Z,https://www.uol.com.br/splash/noticias/2026/09/14/macklemore-ed-sheeran-palestina.ghtm,,pt,True
bbb51b9ba2af,brasil,UOL,uol.com.br,2026-09-10T08:53:30Z,https://www1.folha.uol.com.br/mundo/2026/09/israel-escolhe-postura-de-embate-com-a-onu-e-acumula-desgastes.shtml,,pt,True
7e6e53d2fbaf,brasil,UOL,uol.com.br,2026-09-14T23:21:40Z,https://www.uol.com.br/splash/noticias/2026/09/14/nome-de-ed-sheeran-viraliza-apos-rapper-dizer-que-foi-cortado-por-apoio-a-palestina.ghtm,,pt,True
feab794687fa,brasil,UOL,uol.com.br,2026-09-24T17:38:55Z,https://www.uol.com.br/splash/noticias/2026/09/24/macklemore-anuncia-turne-free-palestine-apos-saida-de-shows-de-sheeran.ghtm,,pt,True
eed68bcc86a0,brasil,UOL,uol.com.br,2026-09-17T00:37:51Z,https://www.uol.com.br/splash/noticias/2026/09/16/quem-e-macklemore-rapper-demitido-de-turne-de-sheeran-por-apoiar-palestina.ghtm,,pt,True
f3921cf8b410,brasil,UOL,uol.com.br,2026-09-16T16:25:01Z,https://www.uol.com.br/splash/noticias/2026/09/16/como-protesto-pro-palestina-arruinou-turne-e-virou-crise-para-ed-sheeran.ghtm,,pt,True
b7ec38750a1e,brasil,UOL,uol.com.br,2026-09-24T18:24:50Z,https://www1.folha.uol.com.br/mundo/2026/09/brasil-se-retira-da-plenaria-da-onu-durante-discurso-de-netanyahu.shtml,,pt,True
1d879088f37d,brasil,Metrópoles,metropoles.com,2026-09-08T16:13:52Z,https://www.metropoles.com/mundo/reino-unido-franca-sancionam-assentamentos-israelenses-na-cisjordania,Reino Unido e 11 países sancionam assentamentos israelenses na Cisjordânia,pt,True
3e7171d3d252,brasil,Metrópoles,metropoles.com,2026-09-24T14:46:36Z,https://www.metropoles.com/mundo/por-video-presidente-da-palestina-acusa-israel-de-guerra-genocida-na-onu,"Por vídeo, presidente da Palestina acusa Israel de “guerra genocida” na ONU",pt,True
bc157acd4514,brasil,Metrópoles,metropoles.com,2026-09-27T17:16:39Z,https://www.metropoles.com/brasil/israel-diz-que-matou-membros-do-hamas-envolvidos-em-sequestro,Israel diz que matou membros do Hamas envolvidos em sequestro,pt,True
6b9e4ecc40d2,brasil,Metrópoles,metropoles.com,2026-09-23T15:16:44Z,https://www.metropoles.com/mundo/onu-ira-ataca-israel-e-diz-que-paz-e-impossivel-sem-justica-a-palestina,"ONU: Irã ataca Israel e diz que paz ""é impossível sem justiça à Palestina""",pt,True
3691729ac1a9,brasil,Metrópoles,metropoles.com,2026-09-02T22:49:39Z,https://www.metropoles.com/mundo/israel-busca-apoio-de-trump-para-retirar-palestinos-da-faixa-de-gaza,Israel busca apoio de Trump para retirar palestinos da Faixa de Gaza,pt,True
d75e10ac63fb,brasil,Metrópoles,metropoles.com,2026-09-16T11:50:07Z,https://www.metropoles.com/mundo/veja-imagens-de-criancas-que-sobreviveram-a-desabamento-de-predio-em-gaza,Veja imagens de crianças que sobreviveram a desabamento de prédio em Gaza,pt,True
77b21335a1e4,brasil,Metrópoles,metropoles.com,2026-09-15T19:35:35Z,https://www.metropoles.com/mundo/mahmoud-khalil-processa-universidade-de-ny-por-discriminacao-a-palestinos,Mahmoud Khalil processa universidade de NY por discriminação a palestinos,pt,True
b7eda306c527,brasil,Metrópoles,metropoles.com,2026-09-24T15:27:07Z,https://www.metropoles.com/entretenimento/macklemore-anuncia-turne-palestina-livre-apos-polemica-com-ed-sheeran,Macklemore anuncia turnê Palestina Livre após polêmica com Ed Sheeran,pt,True
8e47e0dd4839,brasil,Metrópoles,metropoles.com,2026-09-14T20:09:07Z,https://www.metropoles.com/celebridades/ed-sheeran-demite-rapper-que-apoiou-palestina-e-revolta-fas-repugnante,"Ed Sheeran ""demite"" rapper que apoiou Palestina e revolta fãs: ""Repugnante""",pt,True
3a6b8f550c49,brasil,Metrópoles,metropoles.com,2026-09-18T13:47:53Z,https://www.metropoles.com/colunas/fabia-oliveira/treta-familiar-uma-pessoa-ruim-dispara-primo-de-ed-sheeran,"Treta familiar: ""Uma pessoa ruim"", dispara primo de Ed Sheeran",pt,True
0594a0134914,brasil,Metrópoles,metropoles.com,2026-09-15T21:03:34Z,https://www.metropoles.com/entretenimento/ed-sheeran-perde-artistas-em-turne-apos-tirar-rapper-pro-palestina-de-shows,Ed Sheeran perde apoio de artistas após tirar rapper pró-Palestina de shows,pt,True
0c80307b88d1,brasil,Metrópoles,metropoles.com,2026-09-14T20:42:06Z,https://www.metropoles.com/celebridades/javier-bardem-puxa-boicote-contra-ed-sheeran-por-polemica-com-a-palestina,Javier Bardem puxa boicote contra Ed Sheeran por polêmica com a Palestina,pt,True
3b6fdcfaa03c,brasil,Metrópoles,metropoles.com,2026-09-26T07:30:15Z,https://www.metropoles.com/mundo/exclusivo-hamas-agradece-lula-por-defender-palestinos-em-discurso-na-onu,Exclusivo. Hamas agradece Lula por defender palestinos em discurso na ONU,pt,True
b3608157b5c0,brasil,Metrópoles,metropoles.com,2026-09-13T23:13:53Z,https://www.metropoles.com/mundo/brics-encerra-cupula-com-defesa-do-comercio-e-posicao-comum-sobre-gaza,Brics encerra cúpula com defesa do comércio e posição comum sobre Gaza,pt,True
8498e58016e1,brasil,Metrópoles,metropoles.com,2026-09-28T22:09:44Z,https://www.metropoles.com/mundo/israel-confirma-polemica-viagem-de-netanyahu-aos-emirados-arabes-unidos,Israel confirma polêmica viagem de Netanyahu aos Emirados Árabes Unidos,pt,True
a29b4384fb98,brasil,Metrópoles,metropoles.com,2026-09-04T16:21:53Z,https://www.metropoles.com/distrito-federal/chuva-alaga-pontos-do-df-e-gera-congestionamento-na-etpg,Chuva alaga acesso ao viaduto Israel Pinheiro e congestiona EPTG,pt,True
3559143fe205,brasil,Metrópoles,metropoles.com,2026-09-08T16:55:44Z,https://www.metropoles.com/mundo/israel-retalia-sancoes-e-fecha-consulado-britanico-em-jerusalem,Israel retalia sanções e fecha consulado britânico em Jerusalém,pt,True
178125bceb76,brasil,Metrópoles,metropoles.com,2026-09-19T07:47:19Z,https://www.metropoles.com/mundo/ira-executa-homem-condenado-por-fazer-espionagem-para-israel,Irã executa homem condenado por fazer espionagem para Israel,pt,True
01d56430f05a,brasil,Metrópoles,metropoles.com,2026-09-09T22:26:02Z,https://www.metropoles.com/colunas/fabia-oliveira/amada-como-nunca-fui-diz-thais-carla-sobre-novo-affair,"""Amada como nunca fui"", diz Thais Carla sobre novo affair",pt,True
fc44f3dec394,brasil,Metrópoles,metropoles.com,2026-09-09T18:35:26Z,https://www.metropoles.com/mundo/israel-e-acusado-de-usar-municoes-proibidas-contra-civis-no-libano,Israel é acusado de usar munições proibidas contra civis no Líbano,pt,True
3df6f008d611,brasil,Metrópoles,metropoles.com,2026-09-24T18:17:16Z,https://www.metropoles.com/mundo/brasil-e-outros-paises-deixam-onu-na-fala-de-netanyahu-que-diz-covardes,"Brasil e outros países deixam ONU na fala de Netanyahu, que diz: ""Covardes""",pt,True
60bfe0074bda,brasil,Metrópoles,metropoles.com,2026-09-07T20:17:46Z,https://www.metropoles.com/brasil/ato-de-flavio-na-paulista-tem-boneco-de-trump-segurando-lula-preso,Ato de Flávio na Paulista tem boneco de Trump segurando Lula preso,pt,True
38b9f181160b,brasil,Metrópoles,metropoles.com,2026-09-07T20:37:45Z,https://www.metropoles.com/mundo/sobe-para-12-o-numero-de-mortos-apos-novo-ataque-de-israel-contra-o-libano,Sobe para 12 o número de mortos após novo ataque de Israel contra o Líbano,pt,True
04c016408f5a,brasil,Metrópoles,metropoles.com,2026-09-09T19:20:36Z,https://www.metropoles.com/mundo/netanyahu-entra-na-siria-e-diz-que-israel-tem-vasto-controle-da-regiao,Netanyahu entra na Síria e diz que Israel tem vasto controle da região,pt,True
6d80d007e2d5,brasil,Metrópoles,metropoles.com,2026-09-23T12:56:39Z,https://www.metropoles.com/mundo/israel-chama-criticos-de-papagaios-na-vespera-de-discurso-na-onu,"Israel chama críticos de ""papagaios"" na véspera de discurso na ONU",pt,True
774833b72ee2,brasil,Metrópoles,metropoles.com,2026-09-17T12:36:36Z,https://www.metropoles.com/distrito-federal/dono-de-loja-de-shopping-alvo-da-pcdf-por-trafico-vendia-grifes-de-luxo,Dono de loja de shopping alvo da PCDF por tráfico vendia grifes de luxo,pt,True
870979171152,brasil,Metrópoles,metropoles.com,2026-09-22T17:31:22Z,https://www.metropoles.com/colunas/grande-angular/deputado-leva-ativista-thiago-avila-ao-mp-por-adulterar-placa-de-israel,Deputado leva ativista Thiago Ávila ao MP por adulterar placa de Israel,pt,True
e2c1e40014d7,brasil,Metrópoles,metropoles.com,2026-09-24T12:10:49Z,https://www.metropoles.com/mundo/filho-embaixador-israel-ferido,Filho de embaixador de Israel nos EUA fica gravemente ferido em ataque,pt,True
bafeaa9f6dca,brasil,Metrópoles,metropoles.com,2026-09-16T07:45:35Z,https://www.metropoles.com/mundo/predio-desaba-deixa-oito-mortos-e-mais-de-60-desaparecidos-em-gaza,"Prédio desaba, deixa oito mortos e mais de 60 desaparecidos em Gaza",pt,True
5803f82369d8,brasil,Metrópoles,metropoles.com,2026-09-24T09:28:56Z,https://www.metropoles.com/mundo/conselho-de-paz-de-trump-propoe-us-245-bilhoes-para-recuperar-gaza,"Conselho de Paz de Trump propõe US$ 2,45 bilhões para recuperar Gaza",pt,True
26268643010f,brasil,Metrópoles,metropoles.com,2026-09-24T21:06:47Z,https://www.metropoles.com/celebridades/susan-sarandon-e-hannah-einbinder-sao-presas-em-protesto-contra-netanyahu,Susan Sarandon e Hannah Einbinder são presas em protesto contra Netanyahu,pt,True
fbd7b6b2adb7,brasil,Metrópoles,metropoles.com,2026-09-24T22:14:29Z,https://www.metropoles.com/esportes/nations-league-jogador-de-israel-e-expulso-apos-dar-tiro-em-comemoracao,"Nations League: jogador de Israel é expulso após ""dar tiro"" em comemoração",pt,True
2e3b0d3b8bf2,brasil,Metrópoles,metropoles.com,2026-09-22T17:31:22Z,https://www.metropoles.com/colunas/grande-angular/deputado-leva-candidato-pro-palestina-ao-mp-por-adulterar-placa-de-israel,Deputado leva ativista Thiago D'Ávila ao MP por adulterar placa de Israel,pt,True
f6e00b2d794f,brasil,Metrópoles,metropoles.com,2026-09-17T12:36:36Z,https://www.metropoles.com/distrito-federal/na-mira/dono-de-loja-de-shopping-alvo-da-pcdf-por-trafico-vendia-grifes-de-luxo,Dono de loja de shopping alvo da PCDF por tráfico vendia grifes de luxo,pt,True
56e30e5cc4fd,brasil,Metrópoles,metropoles.com,2026-09-25T13:12:38Z,https://www.metropoles.com/mundo/israel-provoca-ira-onu,"Na ONU, embaixador de Israel provoca diplomata iraniano, que não reage",pt,True
192918f00416,brasil,Metrópoles,metropoles.com,2026-09-24T18:44:06Z,https://www.metropoles.com/mundo/netanyahu-usa-onu-para-agradecer-apoio-de-trump-na-luta-contra-barbaros,"Netanyahu usa ONU para agradecer apoio de Trump na luta contra ""bárbaros""",pt,True
ff4eb761385e,brasil,Metrópoles,metropoles.com,2026-09-07T10:57:26Z,https://www.metropoles.com/mundo/israel-acusa-hezbollah-de-violar-cessar-fogo-e-ataque-ao-libano-mata-11,Israel acusa Hezbollah de violar cessar-fogo e ataque ao Líbano mata 11,pt,True
bef2fcc8fc15,brasil,Metrópoles,metropoles.com,2026-09-10T21:54:03Z,https://www.metropoles.com/mundo/israel-ataca-base-subterranea-do-hezbollah-e-causa-terremoto-no-libano,Israel ataca base subterrânea do Hezbollah e causa terremoto no Líbano,pt,True
e9ee896f32bf,brasil,Metrópoles,metropoles.com,2026-09-10T18:09:31Z,https://www.metropoles.com/celebridades/rodolffo-dupla-de-israel-surge-com-fuzil-para-matar-barata-dentro-de-casa,"Rodolffo, dupla de Israel, surge com fuzil para matar barata dentro de casa",pt,True
c1af2088f666,brasil,Metrópoles,metropoles.com,2026-09-03T05:00:52Z,https://www.metropoles.com/celebridades/emicida-israel-rodolffo-e-mais-o-que-fazer-em-brasilia-no-fim-de-semana,"Emicida, Israel & Rodolffo e mais: o que fazer em Brasília no fim de semana",pt,True
c920566ef9f7,brasil,Metrópoles,metropoles.com,2026-09-08T23:24:45Z,https://www.metropoles.com/mundo/reporter-de-tv-sobrevive-por-pouco-a-ataque-de-israel-no-sul-do-libano,Repórter de TV sobrevive por pouco a ataque de Israel no sul do Líbano,pt,True
aab59986ba9c,brasil,Terra,terra.com.br,2026-09-18T16:03:53Z,"https://www.terra.com.br/noticias/mundo/reconhecimento-internacional-da-palestina-nao-freia-expansao-de-assentamentos-na-cisjordania,404457fd2e3eef898ac7863b4a9d683344qgvcx5.html",Reconhecimento internacional da Palestina não freia expansão de assentamentos na Cisjordânia,pt,True
9ae07e56b8b9,brasil,Terra,terra.com.br,2026-09-08T10:07:44Z,"https://www.terra.com.br/noticias/berlim-tenta-arquivar-acao-no-cij-por-apoio-militar-a-israel,7dca0e7088994463eda45426f243a3e1ayqotxf8.html",Berlim tenta arquivar ação no CIJ por apoio militar a Israel,pt,True
f757b22191a7,brasil,Terra,terra.com.br,2026-09-20T18:15:47Z,"https://www.terra.com.br/diversao/ed-sheeran-chama-de-injustificavel-tratamento-de-israel-em-gaza-e-se-desculpa-por-polemica,304cb8d439e8ffb8b7a0d5df995ba40effgqdsza.html","Ed Sheeran chama de ""injustificável"" tratamento de Israel em Gaza e se desculpa por polêmica",pt,True
fd65bfbf7400,brasil,Terra,terra.com.br,2026-09-23T09:22:39Z,"https://www.terra.com.br/noticias/mundo/na-onu-macron-critica-operacoes-em-gaza-e-na-cisjordania-israel-denuncia-absurdo-grotesco,86f6e834b8d9983465aa802666f9dd7fnggw7f6e.html","Na ONU, Macron critica operações em Gaza e na Cisjordânia; Israel denuncia 'absurdo grotesco'",pt,True
d31def0bbcc5,brasil,Terra,terra.com.br,2026-09-16T16:39:50Z,"https://www.terra.com.br/diversao/ed-sheeran-enfrenta-cancelamento-nas-redes-e-debandada-de-artistas-em-sua-turne-por-nao-apoiar-rapper-pro-palestina,cc46c3c181ff6f934c63769de4bd9ca2wfeb0svm.html",Ed Sheeran enfrenta cancelamento nas redes e debandada de artistas em sua turnê por não apoiar rapper pró-Palestina,pt,True
a25480d1cbea,brasil,Terra,terra.com.br,2026-09-09T09:25:25Z,"https://www.terra.com.br/noticias/mundo/oposicao-israelense-ataca-netanyahu-apos-denuncia-sobre-alerta-antes-de-7-de-outubro,23fcf6480df0af0a1dec08e72efa5732xau01tyx.html",Oposição israelense ataca Netanyahu após denúncia sobre alerta antes de 7 de Outubro,pt,True
ba77c6936f3a,brasil,Terra,terra.com.br,2026-09-17T17:24:13Z,"https://www.terra.com.br/diversao/musica/macklemore-doa-1-milhao-de-dolares-a-palestina-apos-deixar-turne-de-ed-sheeran-e-desafia-empresario,3f3c0d05af81bfd13e64c387423f73590kg40qda.html",Macklemore doa 1 milhão de dólares à Palestina após deixar turnê de Ed Sheeran e desafia empresário,pt,True
2c10ffa93ede,brasil,Terra,terra.com.br,2026-09-21T07:58:22Z,"https://www.terra.com.br/diversao/musica/meu-sonora/pop-internacional/quem-e-o-empresario-bilionario-que-esta-no-centro-da-polemica-da-turne-de-ed-sheeran,4e1378f46f025e40a539f24909ae25553pk6jn50.html",Quem é o empresário bilionário que está no centro da polêmica da turnê de Ed Sheeran?,pt,True
89d194691b90,brasil,Terra,terra.com.br,2026-09-19T13:31:42Z,"https://www.terra.com.br/diversao/a-polemica-de-ed-sheeran-com-um-rapper-e-a-causa-palestina,5ec87060e147d77505c6d25b3bd7f21fzu5pyldx.html",A polêmica de Ed Sheeran com um rapper e a causa palestina,pt,True
c19e30d2f82d,brasil,Terra,terra.com.br,2026-09-03T11:35:43Z,"https://www.terra.com.br/noticias/mundo/diretor-do-festival-de-veneza-rechaca-apelos-para-hastear-bandeira-palestina,bb830ca1232076110450f7abfd4dc8d297f9wpyd.html",Diretor do Festival de Veneza rechaça apelos para hastear bandeira palestina,pt,True
28bbeb4fcaf1,brasil,Terra,terra.com.br,2026-09-24T18:34:44Z,"https://www.terra.com.br/noticias/mundo/abbas-promete-primeira-votacao-parlamentar-palestina-em-20-anos-em-meio-a-duvidas,737c0e9ffea5bcd53dbea75c22734e6cbmpl26mu.html",Abbas promete primeira votação parlamentar palestina em 20 anos em meio a dúvidas,pt,True
bb6eb3d1533d,brasil,Terra,terra.com.br,2026-09-14T22:25:04Z,"https://www.terra.com.br/diversao/macklemore-e-retirado-da-turne-de-ed-sheeran-nos-eua-apos-declaracoes-palestina-livre,35ca761b3e75ce3dc5ff0acbcb4b1a0fxh91tm9d.html","Macklemore é retirado da turnê de Ed Sheeran nos EUA  após declarações ""Palestina Livre""",pt,True
d25739df718a,brasil,Terra,terra.com.br,2026-09-06T15:58:29Z,"https://www.terra.com.br/noticias/mundo/ataque-israelense-mata-duas-pessoas-em-gaza-dizem-autoridades-de-saude,b46d02de59afe134e406a2a34655c699qhs42s8x.html","Ataque israelense mata duas pessoas em Gaza, dizem autoridades de saúde",pt,True
18aa9e68ebd3,brasil,Terra,terra.com.br,2026-09-16T12:10:10Z,"https://www.terra.com.br/noticias/mundo/predio-em-gaza-danificado-pela-guerra-desaba-e-mata-16-pessoas-abrigadas-no-local,60a0b5bc13149fc297724e376f5a2294axrtykor.html",Prédio em Gaza danificado pela guerra desaba e mata 16 pessoas abrigadas no local,pt,True
1b22ab4820a1,brasil,Terra,terra.com.br,2026-09-15T12:51:46Z,"https://www.terra.com.br/noticias/brasil/politica/video-em-que-mendonca-critica-apoio-a-grupo-terrorista-e-de-2024-nao-atual,390e7c31be8545f4811b0581b8c24bfaoktcldpd.html","Vídeo em que Mendonça critica apoio a grupo terrorista é de 2024, não atual",pt,True
dba3e861eaae,brasil,Terra,terra.com.br,2026-09-20T15:45:44Z,"https://www.terra.com.br/diversao/musica/meu-sonora/rock/damon-albarn-ergue-bandeira-da-palestina-na-estreia-da-turne-do-gorillaz-nos-eua-nunca-sejam-neutros,5aa783528664214af2f7f3530046603aje2jptsy.html","Damon Albarn ergue bandeira da Palestina na estreia da turnê do Gorillaz nos EUA: ""nunca sejam neutros""",pt,True
3bd9d0051303,brasil,Terra,terra.com.br,2026-09-08T20:26:25Z,"https://www.terra.com.br/noticias/israel-fecha-consulado-britanico-apos-sancoes-de-londres-e-aliados,ff148dd4a7da7ae7f86e3431677edb1a3n37wrqw.html",Israel fecha consulado britânico após sanções de Londres e aliados,pt,True
e14abf3cf0c2,brasil,Terra,terra.com.br,2026-09-24T23:40:27Z,"https://www.terra.com.br/esportes/futebol/jogador-de-israel-e-expulso-apos-comemoracao-polemica-de-gol,34703b5cb103f27718cafb23103fcbbe4gcfhkud.html",Jogador de Israel é expulso após comemoração polêmica de gol,pt,True
d8318b535040,brasil,Terra,terra.com.br,2026-09-09T09:50:26Z,"https://www.terra.com.br/noticias/eau-alertaram-netanyahu-sobre-ataque-do-hamas-pouco-antes-do-7-de-outubro-diz-jornal,2890a6d61eb4554df5109a6ddb8a8156czkzisfc.html","EAU alertaram Netanyahu sobre ataque do Hamas pouco antes do 7 de Outubro, diz jornal",pt,True
1a1c14909873,brasil,Terra,terra.com.br,2026-09-19T15:33:48Z,"https://www.terra.com.br/noticias/mundo/ira-executa-homem-condenado-por-espionagem-para-mossad-de-israel,b764a997da5e013744469aab0f091f6c95eiluk3.html",Irã executa homem condenado por espionagem para Mossad de Israel,pt,True
adfb30a654ad,brasil,Terra,terra.com.br,2026-09-25T03:01:37Z,"https://www.terra.com.br/esportes/futebol/internacional/jogador-de-israel-arranca-bandeirinha-ao-festejar-e-e-expulso,f5eb0164f3178b25f294e0e87ea5742dc7nsfda7.html",Jogador de Israel arranca bandeirinha ao festejar e é expulso,pt,True
ba61aed54862,brasil,Terra,terra.com.br,2026-09-06T16:20:49Z,"https://www.terra.com.br/noticias/mundo/netanyahu-ordena-remocao-de-postos-avancados-de-colonos-israelenses-na-cisjordania-dizem-fontes,66f7b63e49276c5e3b9a9880263e13ddsnn8pejz.html","Netanyahu ordena remoção de postos avançados de colonos israelenses na Cisjordânia, dizem fontes",pt,True
b2b8d4d53e83,brasil,Terra,terra.com.br,2026-09-10T19:10:36Z,"https://www.terra.com.br/noticias/mundo/israel-destroi-infraestrutura-subterranea-do-hezbollah-na-cordilheira-de-ali-al-taher,ba45dea16475abbeeaf0b47278d61615fw4xi1sc.html",Israel destrói infraestrutura subterrânea do Hezbollah na cordilheira de Ali al-Taher,pt,True
850f8d584e3a,brasil,Terra,terra.com.br,2026-09-16T12:39:44Z,"https://www.terra.com.br/noticias/desabamento-de-predio-deixa-dezenas-de-mortos-e-desaparecidos-em-gaza,050b8d670ca831a21b55e4a08cc20086eeqems87.html",Desabamento de prédio deixa dezenas de mortos e desaparecidos em Gaza,pt,True
3156cd85f258,brasil,Terra,terra.com.br,2026-09-23T17:25:43Z,"https://www.terra.com.br/noticias/mundo/conselho-de-trump-para-gaza-apresenta-plano-de-us245-bilhoes-mas-implementacao-e-incerta,441a9551414190adaedadb07848ccd57kavcmi6o.html","Conselho de Trump para Gaza apresenta plano de US$2,45 bilhões, mas implementação é incerta",pt,True
23fc0e0c58f0,brasil,Terra,terra.com.br,2026-09-22T21:16:43Z,"https://www.terra.com.br/noticias/mundo/em-discurso-de-despedida-na-onu-macron-chama-diplomacia-de-trump-para-gaza-de-espetaculo-vergonhoso,bc55c83d53d4b2e762c2f74aab7f3186nda3vxnu.html","Em discurso de despedida na ONU, Macron chama diplomacia de Trump para Gaza de ""espetáculo"" vergonhoso",pt,True
e68a25c8fd6a,brasil,Terra,terra.com.br,2026-09-26T15:23:46Z,"https://www.terra.com.br/noticias/mundo/egito-alertou-israel-sobre-preparativos-do-7-de-outubro-de-2023-diz-revista-americana,2f37427effe63ec67511522be69a640fvcs66in7.html","Egito alertou Israel sobre preparativos do 7 de outubro de 2023, diz revista americana",pt,True
ec115330bbc8,brasil,Terra,terra.com.br,2026-09-28T15:15:44Z,"https://www.terra.com.br/esportes/futebol/internacional/ministro-de-israel-acusa-irlanda-de-estar-do-lado-errado-da-historia,444267a3eef721878748372425658735w4m2eyne.html","Ministro de Israel acusa Irlanda de estar ""do lado errado da história""",pt,True
99532444a846,brasil,Terra,terra.com.br,2026-09-06T08:13:26Z,"https://www.terra.com.br/noticias/mundo/israel-volta-a-bombardear-sul-do-libano-e-emite-ordem-para-retirada-da-populacao,f5d332e6856a3198a5a4fe740a63897bora56ad9.html",Israel volta a bombardear sul do Líbano e emite ordem para retirada da população,pt,True
de8e459b1f17,brasil,Terra,terra.com.br,2026-09-22T20:16:45Z,"https://www.terra.com.br/esportes/futebol/tecnico-da-irlanda-diz-que-jogara-contra-o-genocidio-antes-de-enfrentar-israel-na-nations-league,69f4ce995eb84fcbe126d39b8c578ffdsf5aan6z.html",Técnico da Irlanda diz que jogará 'contra o genocídio' antes de enfrentar Israel na Nations League,pt,True
9964c9a5d53d,brasil,Terra,terra.com.br,2026-09-24T02:55:42Z,"https://www.terra.com.br/esportes/futebol/kervin-andrade-no-sport-entenda-o-que-deu-errado-em-israel,763d791cd010fcf85c1c24bc2fe972adqyrcrern.html",Kervin Andrade no Sport: entenda o que deu errado em Israel,pt,True
c007aa1a766c,brasil,Terra,terra.com.br,2026-09-06T19:01:03Z,"https://www.terra.com.br/diversao/arte-e-cultura/em-veneza-susan-sarandon-diz-ser-boicotada-por-criticas-a-israel,8c49782ca1c7643db495474b51afcb662l40n58n.html","Em Veneza, Susan Sarandon diz ser boicotada por críticas a Israel",pt,True
6ed8b44c01d4,brasil,Terra,terra.com.br,2026-09-20T22:39:36Z,"https://www.terra.com.br/noticias/ed-sheeran-se-pronuncia-apos-polemica-com-macklemore-e-fala-sobre-gaza-tive-que-tomar-decisoes-dificeis,b456db871afbd93f7415fa372902a302g48xkssq.html",Ed Sheeran se pronuncia após polêmica com Macklemore e fala sobre Gaza: 'Tive que tomar decisões difíceis',pt,True
a33e37059101,brasil,Terra,terra.com.br,2026-09-23T17:22:20Z,"https://www.terra.com.br/noticias/mundo/america-latina/presidente-iraniano-responde-a-trump-na-onu-e-diz-que-pais-nao-baixara-a-cabeca,81c66c79d282848219d70c6848e4caf221zew3vg.html","Presidente iraniano responde a Trump na ONU e diz que país não ""baixará a cabeça""",pt,True
8de178339515,brasil,Terra,terra.com.br,2026-09-25T08:43:19Z,"https://www.terra.com.br/noticias/mundo/judeus-de-nova-york-protestam-contra-presenca-de-netanyahu-ele-nao-nos-representa,d4fdb648d87a12c317ab80c7547c5017lk1uf6e8.html",Judeus de Nova York protestam contra presença de Netanyahu: 'Ele não nos representa',pt,True
746420391cc5,brasil,Terra,terra.com.br,2026-09-08T17:19:24Z,"https://www.terra.com.br/noticias/mundo/cisjordania-ocupada-12-paises-pedem-sancoes-ao-comercio-com-as-colonias-israelenses,8dd611b64cf61278e55e51e1a7f79836wxfryjce.html",Cisjordânia ocupada: 12 países pedem 'sanções ao comércio com as colônias' israelenses,pt,True
3b193264dae8,oriente_medio,Al Jazeera,aljazeera.com,2026-09-26T20:33:05Z,https://www.aljazeera.com/news/2026/9/26/hamas-slams-board-of-peace-for-refusal-to-work-with-unrwa-in-gaza,Hamas slams Board of Peace for refusal to work with UNRWA in Gaza,en,False
0230fdabc8c5,oriente_medio,Al Jazeera,aljazeera.com,2026-09-28T20:35:51Z,https://www.aljazeera.com/video/newsfeed/2026/9/28/aje-onl-nf_slovenias-u-turn-towards-israel-280926,Slovenia’s U-turn towards Israel,en,False
834d9fefcb89,oriente_medio,Al Jazeera,aljazeera.com,2026-09-20T14:00:32Z,https://www.aljazeera.com/opinions/2026/9/20/the-pro-israel-censors-are-starting-to-lose,The pro-Israel censors are starting to lose,en,False
a546e15eedbe,oriente_medio,Al Jazeera,aljazeera.com,2026-09-26T17:27:19Z,https://www.aljazeera.com/video/newsfeed/2026/9/26/stop-arming-israel-pro-palestine-protesters-march-on-labour-conference,‘Stop arming Israel’: Pro-Palestine protesters march on Labour conference,en,False
f21feed28c67,oriente_medio,Al Jazeera,aljazeera.com,2026-09-01T15:29:48Z,https://www.aljazeera.com/news/2026/9/1/qatar-says-efforts-under-way-to-end-iran-us-war-and-reopen-strait-of-hormuz,Qatar says efforts under way to end Iran-US war and reopen Strait of Hormuz,en,False
6f06b26fb83b,oriente_medio,Al Jazeera,aljazeera.com,2026-09-17T10:19:24Z,https://www.aljazeera.com/news/2026/9/17/uk-charities-protest-groups-condemn-israeli-ban-threat-after-sanctions,"UK charities, protest groups condemn Israeli ban threat after sanctions",en,False
3cc80710c2e9,oriente_medio,Al Jazeera,aljazeera.com,2026-09-10T12:16:47Z,https://www.aljazeera.com/opinions/2026/9/10/israel-will-never-stop-me-speaking-up-for-palestine,Israel will never stop me speaking up for Palestine,en,False
919db4915c41,oriente_medio,Al Jazeera,aljazeera.com,2026-09-04T09:42:02Z,https://www.aljazeera.com/opinions/2026/9/4/israel-takes-its-war-on-palestine-into-the-ai-age,Israel takes its war on Palestine into the AI age,en,False
a3295351a80f,oriente_medio,Al Jazeera,aljazeera.com,2026-09-13T21:02:14Z,https://www.aljazeera.com/video/newsfeed/2026/9/13/pro-palestine-protest-demands-australia-increases-pressure-on-israel,Pro-Palestine protest demands Australia increases pressure on Israel,en,False
de55c3ae7858,oriente_medio,Al Jazeera,aljazeera.com,2026-09-27T21:41:59Z,https://www.aljazeera.com/sports/2026/9/27/ireland-defeats-israel-in-controversial-uefa-nations-league-match,Ireland defeats Israel in controversial UEFA Nations League match,en,False
11a7e9fab752,oriente_medio,Al Jazeera,aljazeera.com,2026-09-08T13:30:59Z,https://www.aljazeera.com/video/newsfeed/2026/9/8/macklemore-defends-free-palestine-call-after-ed-sheeran-concert-backlash,Macklemore defends ‘Free Palestine’ call after Ed Sheeran concert backlash,en,False
c41a2ed3a1c3,oriente_medio,Al Jazeera,aljazeera.com,2026-09-18T08:49:16Z,https://www.aljazeera.com/opinions/2026/9/18/israel-would-rather-not-watch-naza,Israel would rather not watch NAZA,en,False
da98123a62a2,oriente_medio,Al Jazeera,aljazeera.com,2026-09-16T17:42:00Z,https://www.aljazeera.com/news/2026/9/16/uk-trade-unions-back-motion-to-boycott-and-sanction-israel,UK trade unions back motion to boycott and sanction Israel,en,False
d7706f50793b,oriente_medio,Al Jazeera,aljazeera.com,2026-09-02T15:45:54Z,https://www.aljazeera.com/video/newsfeed/2026/9/2/israeli-pm-netanyahu-in-gaza-we-are-not,"Israeli PM Netanyahu in Gaza, ‘we are not withdrawing’",en,False
1c5a70012a3b,oriente_medio,Al Jazeera,aljazeera.com,2026-09-16T12:56:42Z,https://www.aljazeera.com/gallery/2026/9/16/photos-gaza-building-collapse-kills-20-including-women-and-children,"Photos: Gaza building collapse kills 20, including women and children",en,False
18c1e3d107eb,oriente_medio,Al Jazeera,aljazeera.com,2026-09-07T13:26:28Z,https://www.aljazeera.com/news/2026/9/7/why-has-nicaragua-taken-germany-to-the-icj-over-gaza-genocide,Why has Nicaragua taken Germany to the ICJ over Gaza genocide?,en,False
4e9e17713b58,oriente_medio,Al Jazeera,aljazeera.com,2026-09-02T21:19:32Z,https://www.aljazeera.com/news/2026/9/2/israel-still-wants-to-remove-palestinians-from-gaza-defence-minister-says,"Israel still wants to remove Palestinians from Gaza, defence minister says",en,False
12105026b802,oriente_medio,Al Jazeera,aljazeera.com,2026-09-22T05:15:34Z,https://www.aljazeera.com/video/newsfeed/2026/9/22/why-does-the-us-want-to-send-israel-40000-bombs,"Why does the US want to send Israel 40,000 bombs?",en,False
d5d10493fc45,oriente_medio,Al Jazeera,aljazeera.com,2026-09-18T10:29:34Z,https://www.aljazeera.com/opinions/2026/9/18/israel-is-killing-the-people-who-could-end-its-wars,Israel is killing the people who could end its wars,en,False
33896cc89fe0,oriente_medio,Al Jazeera,aljazeera.com,2026-09-15T19:26:55Z,https://www.aljazeera.com/news/2026/9/15/israel-lacking-respect-for-dead-buried-in-gaza-rubble-un,Israel lacking respect for dead buried in Gaza rubble: UN,en,False
f8b04926ca97,oriente_medio,Al Jazeera,aljazeera.com,2026-09-13T20:33:28Z,https://www.aljazeera.com/video/newsfeed/2026/9/13/09-13-kushner-doha-attack-comments-clip,US Envoy Jared Kushner says Doha attack left Israel ‘globally isolated’,en,False
194c4f724e4d,oriente_medio,Al Jazeera,aljazeera.com,2026-09-08T17:26:33Z,https://www.aljazeera.com/news/2026/9/8/nicaragua-urges-icj-to-reject-germanys-bid-to-throw-out-gaza-genocide-case,Nicaragua urges ICJ to reject Germany’s bid to throw out Gaza genocide case,en,False
80c2940645a1,oriente_medio,Al Jazeera,aljazeera.com,2026-09-26T13:22:33Z,https://www.aljazeera.com/video/newsfeed/2026/9/26/girl-disabled-by-israeli-strike-urges-wheelchairs-be-let-into-gaza,Girl disabled by Israeli strike urges wheelchairs be let into Gaza,en,False
fe58773fd477,oriente_medio,Al Jazeera,aljazeera.com,2026-09-23T17:45:03Z,https://www.aljazeera.com/news/2026/9/23/board-of-peace-plans-2-4bn-gaza-reconstruction-as-israel-kills-seven,Board of Peace plans $2.4bn Gaza reconstruction as Israel kills seven,en,False
abe4493b1aac,oriente_medio,Al Jazeera,aljazeera.com,2026-09-24T14:36:02Z,https://www.aljazeera.com/sports/2026/9/24/ireland-vs-israel-football-match-nations-league-controversy-explained,Why are Ireland vs Israel football matches so controversial?,en,False
64743523ad5f,oriente_medio,Al Jazeera,aljazeera.com,2026-09-03T20:31:08Z,https://www.aljazeera.com/news/2026/9/3/israel-kills-3-in-gaza-as-far-right-minister-plans-for-palestinian-removals,Israel kills 3 in Gaza as far-right minister plans for Palestinian removals,en,False
4db6eaaed74c,oriente_medio,Al Jazeera,aljazeera.com,2026-09-14T21:12:07Z,https://www.aljazeera.com/news/2026/9/14/israel-probing-naza-film-on-gaza-for-inciting-antisemitism,"Israel probing Naza film on Gaza for treason, inciting anti-Semitism",en,False
39dca337b5d2,oriente_medio,Al Jazeera,aljazeera.com,2026-09-19T07:50:44Z,https://www.aljazeera.com/news/2026/9/19/naza-why-are-old-gaza-allegations-causing-new-fury-in-israel,NAZA: Why are old Gaza allegations causing new fury in Israel?,en,False
79586e265275,oriente_medio,Al Jazeera,aljazeera.com,2026-09-08T11:21:13Z,https://www.aljazeera.com/news/2026/9/8/as-sweden-heads-to-polls-israel-and-palestine-policies-are-on-the-ballot,"As Sweden heads to polls, Israel and Palestine policies are on the ballot",en,False
c1338d754662,oriente_medio,Al Jazeera,aljazeera.com,2026-09-25T02:26:16Z,https://www.aljazeera.com/video/newsfeed/2026/9/25/contrasting-treatment-of-israel-and-palestine-on-display-at-the-un,Contrasting treatment of Israel and Palestine on display at the UN,en,False
20aab4ea678c,oriente_medio,Al Jazeera,aljazeera.com,2026-09-17T15:10:12Z,https://www.aljazeera.com/news/2026/9/17/kosovo-israel-ties,‘Kosovo’s moves towards Israel are the price of aligning with US policy’,en,False
9f6ca54621ee,oriente_medio,Al Jazeera,aljazeera.com,2026-09-16T12:09:45Z,https://www.aljazeera.com/features/2026/9/16/us-set-to-approve-60000-heavy-bombs-for-israel-what-that-means,"US set to approve 60,000 heavy bombs for Israel: What that means",en,False
8a1b46991d41,oriente_medio,Al Jazeera,aljazeera.com,2026-09-05T16:17:47Z,https://www.aljazeera.com/news/2026/9/5/gaza-teams-recover-remains-of-55-people-nearly-3-years-after-israeli-strike,Gaza teams recover remains of 55 people nearly 3 years after Israeli strike,en,False
93217dedc9c1,oriente_medio,Al Jazeera,aljazeera.com,2026-09-28T01:39:02Z,https://www.aljazeera.com/video/newsfeed/2026/9/28/27-09-sv-ireland-beats-israel-ie,Ireland beats Israel 3-0 wearing black armbands to support Gaza,en,False
d3a18a45f6ca,oriente_medio,Al Jazeera,aljazeera.com,2026-09-07T21:00:58Z,https://www.aljazeera.com/news/2026/9/7/israels-removal-of-gaza-rubble-risk-to-war-crimes-evidence-un,Israel’s removal of Gaza rubble risk to war crimes evidence: UN,en,False
f5aeef8deac0,oriente_medio,Al Jazeera,aljazeera.com,2026-09-15T15:25:39Z,https://www.aljazeera.com/opinions/2026/9/15/canada-the-uk-and-australia-should-investigate-the-wck-attack-in-gaza,"Canada, the UK and Australia should investigate the WCK attack in Gaza",en,False
e573c09f98c9,oriente_medio,Al Jazeera,aljazeera.com,2026-09-27T19:35:30Z,https://www.aljazeera.com/sports/2026/9/27/pubs-in-ireland-refuse-to-screen-israel-match-in-protest-over-gaza-genocide,Pubs in Ireland refuse to screen Israel match in protest over Gaza genocide,en,False
59df878fa9a9,oriente_medio,Al Jazeera,aljazeera.com,2026-09-07T02:17:17Z,https://www.aljazeera.com/video/newsfeed/2026/9/7/eight-year-old-gaza-girl-killed-by-israel-on-first-day-of-school,Eight-year-old Gaza girl killed by Israel on first day of school,en,False
57ca2680d735,asia_oriental,Channel News Asia,channelnewsasia.com,2026-09-24T07:41:56Z,https://www.channelnewsasia.com/world/israel-faces-mounting-diplomatic-pressure-netanyahu-united-nations-address-6407436,Israel faces mounting diplomatic pressure ahead of Netanyahu’s UN address,en,False
64289dd5d894,asia_oriental,Channel News Asia,channelnewsasia.com,2026-09-23T00:44:39Z,https://www.channelnewsasia.com/world/israel-west-bank-shooting-macron-un-6403701,Israel denounces 'grotesque absurdity' of Macron UN remarks on West Bank,en,False
4bb33f01a970,eua,CNN,cnn.com,2026-09-08T15:35:45Z,https://www.cnn.com/2026/09/08/middleeast/netanyahu-report-warning-uae-hamas-attack-intl,Netanyahu faces backlash over report he was warned of Hamas attack days before October 7,en,False
664c01f3a7c0,eua,CNN,cnn.com,2026-09-13T04:01:29Z,https://www.cnn.com/2026/09/13/middleeast/israel-sanctions-allies-relations-intl,"An ambassador in Ljubljana, but not in London: Israel’s foreign policy shifts away from longstanding allies",en,False
1a433348cd94,eua,CNN,cnn.com,2026-09-07T12:15:21Z,https://www.cnn.com/2026/09/07/politics/jeffries-challenges-left-progressives,Democrats might win in the midterms — but a whole new set of problems await,en,False
6198438bbdf5,eua,CNN,cnn.com,2026-09-11T04:49:47Z,https://www.cnn.com/2026/09/11/politics/takeaways-from-night-2-of-gop-midterm-convention,Trump steps on Vance’s primetime moment and other takeaways from RNC convention’s second night,en,False
45432a459e9b,eua,CNN,cnn.com,2026-09-15T21:35:16Z,https://www.cnn.com/2026/09/15/entertainment/ed-sheeran-macklemore-palestine-openers-quit-cec,"Ed Sheeran tour: Macklemore dropped, other openers quit",en,False
eee92afdd872,eua,CNN,cnn.com,2026-09-23T17:11:14Z,https://www.cnn.com/2026/09/23/world/son-of-israeli-ambassador-to-the-us-injured-intl,Son of Israeli ambassador to US critically injured in West Bank ramming attack | CNN,en,False
8adf9dbc5228,eua,CNN,cnn.com,2026-09-23T17:31:12Z,https://www.cnn.com/2026/09/23/world/son-of-israeli-ambassador-to-the-us-injured,Son of Israeli ambassador to US critically injured in West Bank ramming attack | CNN,en,False
394e4a623c9e,eua,CNN,cnn.com,2026-09-10T04:01:30Z,https://www.cnn.com/2026/09/10/middleeast/yemen-perim-houthis-saudi-iran-war-intl,This small island off Yemen is now a strategic prize in the widening Iran war | CNN,en,False
8e4ea0e54142,eua,CNN,cnn.com,2026-09-22T19:23:47Z,https://www.cnn.com/2026/09/22/politics/fact-check-trump-united-nations,Fact check: Trump’s false claims to the United Nations | CNN Politics,en,False
2037ddaef25b,eua,CNN,cnn.com,2026-09-09T00:02:29Z,https://www.cnn.com/2026/09/08/politics/new-hampshire-primaries-results,"Chris Pappas will face former Sen. John E. Sununu in New Hampshire Senate race, CNN projects | CNN Politics",en,False
3a50c3b13fe7,eua,CNN,cnn.com,2026-09-11T02:23:17Z,https://www.cnn.com/2026/09/10/politics/fact-check-republican-midterm-convention-night-2,Fact-checking night 2 of the GOP midterm convention | CNN Politics,en,False
0764bee7dee2,oriente_medio,Jerusalem Post,jpost.com,2026-09-23T17:58:36Z,https://www.jpost.com/israel-news/article-909470,Son of ambassador seriously wounded in terror attack...,en,False
ebacd8e600ca,oriente_medio,Jerusalem Post,jpost.com,2026-09-16T14:55:36Z,https://www.jpost.com/israel-news/article-908791,Netanyahu's New York UN visit sees unusual Secret Service security involvement...,en,False
5b8f68cc39bf,oriente_medio,Jerusalem Post,jpost.com,2026-09-28T12:26:25Z,https://www.jpost.com/business-and-innovation/article-909975,"Air India set to resume near-daily flights between Tel Aviv, Delhi starting December",en,False
8d47f95e162e,oriente_medio,Jerusalem Post,jpost.com,2026-09-28T08:25:38Z,https://www.jpost.com/business-and-innovation/all-news/article-909936,Jerusalem builds new NIS 5 million medical helipad,en,False
097cf5bbe6a8,asia_oriental,Straits Times,straitstimes.com,2026-09-07T02:15:18Z,https://www.straitstimes.com/life/entertainment/us-actress-susan-sarandon-says-she-still-loses-movie-roles-over-support-for-palestinians,US actress Susan Sarandon says she still loses movie roles over support for Palestinians,en,False
d86d33922e14,asia_oriental,Channel News Asia,channelnewsasia.com,2026-09-28T19:05:40Z,https://www.channelnewsasia.com/world/israel-army-south-lebanon-explosion-6416566,Lebanon says Israeli army set off large explosion in south,en,False
315ffa4ded7e,asia_oriental,Channel News Asia,channelnewsasia.com,2026-09-07T11:35:00Z,https://www.channelnewsasia.com/world/israel-lebanon-hezbollah-strikes-truce-violations-6367371,"Israel strikes Lebanon, accuses Hezbollah of truce violations",en,False
52cf90d928bb,asia_oriental,Channel News Asia,channelnewsasia.com,2026-09-11T10:25:40Z,https://www.channelnewsasia.com/singapore/israel-death-penalty-visit-mha-6378526,MHA refutes claims that the death penalty was discussed during visit by Israel's security ministry,en,False
df4af06e813b,asia_oriental,Channel News Asia,channelnewsasia.com,2026-09-04T20:41:06Z,https://www.channelnewsasia.com/world/israeli-strike-lebanon-kills-two-6362756,Israeli strike on Lebanon kills two: state media,en,False
8ef7ca4c16d5,asia_oriental,Channel News Asia,channelnewsasia.com,2026-09-23T17:00:04Z,https://www.channelnewsasia.com/world/iran-president-trump-un-us-israel-6405946,President tells Trump that Iran will never 'bend at the knee',en,False
b290cd69f0b1,asia_oriental,Channel News Asia,channelnewsasia.com,2026-09-04T20:41:00Z,https://www.channelnewsasia.com/world/israeli-strike-lebanon-kills-three-6362756,Israeli strikes on Lebanon kills at least three,en,False
6861d0d86830,asia_oriental,Channel News Asia,channelnewsasia.com,2026-09-27T21:18:43Z,https://www.channelnewsasia.com/sport/ireland-beat-israel-3-0-end-fractious-weekend-nations-league-win-6414241,Ireland beat Israel 3-0 to end fractious weekend with Nations League win,en,False
c6b611945f73,asia_oriental,Channel News Asia,channelnewsasia.com,2026-09-26T17:00:45Z,https://www.channelnewsasia.com/sport/israel-say-football-and-politics-must-stay-separate-after-ireland-vote-fulfil-fixture-6412966,"Israel say football and politics must stay separate, after Ireland vote to fulfil fixture",en,False
0c9b937c8dd7,asia_oriental,Channel News Asia,channelnewsasia.com,2026-09-23T11:37:39Z,https://www.channelnewsasia.com/sport/ireland-manager-thanks-prime-minister-support-ahead-israel-fixtures-6405266,Ireland manager thanks prime minister for support ahead of Israel fixtures,en,False
2c9596aede7b,asia_oriental,Channel News Asia,channelnewsasia.com,2026-09-26T11:27:43Z,https://www.channelnewsasia.com/sport/ireland-postpone-press-conference-training-delayed-ahead-nations-league-game-israel-6412646,"Ireland postpone press conference, training delayed ahead of Nations League game with Israel",en,False
5c4f7bd0004c,asia_oriental,Channel News Asia,channelnewsasia.com,2026-09-26T11:27:43Z,https://www.channelnewsasia.com/sport/ireland-fulfil-nations-league-fixture-israel-after-player-vote-6412646,Ireland to fulfil Nations League fixture with Israel after player vote,en,False
f417ce5c33a6,asia_oriental,Channel News Asia,channelnewsasia.com,2026-09-22T13:34:18Z,https://www.channelnewsasia.com/world/netanyahu-israel-united-nations-truth-actions-6402451,Netanyahu says will 'tell the truth' on Israel's actions at United Nations,en,False
5371add6cce8,asia_oriental,Channel News Asia,channelnewsasia.com,2026-09-13T21:27:00Z,https://www.channelnewsasia.com/world/israeli-minister-calls-strip-gaza-film-directors-citizenship-6381881,Israeli minister calls to strip Gaza film directors of citizenship,en,False
b81a966410e3,asia_oriental,Channel News Asia,channelnewsasia.com,2026-09-23T21:26:38Z,https://www.channelnewsasia.com/world/gaza-board-peace-recovery-plan-unga-6406456,US-backed Board of Peace unveils US$2.5bn Gaza recovery plan,en,False
b2513b44f5e8,asia_oriental,Channel News Asia,channelnewsasia.com,2026-09-17T20:57:11Z,https://www.channelnewsasia.com/world/us-approves-sale-48-f-35-jets-saudi-arabia-6393136,US approves sale of 48 F-35 jets to Saudi Arabia,en,False
3b8c9b04fda1,asia_oriental,Channel News Asia,channelnewsasia.com,2026-09-19T21:57:25Z,https://www.channelnewsasia.com/world/israels-president-pardons-combat-medic-whose-shooting-palestinian-attacker-caused-debate-6396976,Israel's president pardons a combat medic whose shooting of a Palestinian attacker caused debate,en,False
62441ecf28fd,asia_oriental,Channel News Asia,channelnewsasia.com,2026-09-06T19:08:04Z,https://www.channelnewsasia.com/world/israels-netanyahu-orders-west-bank-settler-outposts-be-removed-sources-say-6365756,"Israel's Netanyahu orders West Bank settler outposts to be removed, sources say",en,False
0844fccdc58f,asia_oriental,Channel News Asia,channelnewsasia.com,2026-09-03T18:48:24Z,https://www.channelnewsasia.com/asia/israel-release-five-lebanese-detainees-talks-6360656,Lebanon receives first detainee of five to be freed by Israel,en,False
16b7200dc84c,asia_oriental,Channel News Asia,channelnewsasia.com,2026-09-08T10:33:47Z,https://www.channelnewsasia.com/world/uk-israel-settlers-sanctions-west-bank-6369681,UK expected to announce sanctions on Israeli settlements in West Bank,en,False
f9f801874c9b,asia_oriental,Channel News Asia,channelnewsasia.com,2026-09-08T09:19:35Z,https://www.channelnewsasia.com/singapore/6-women-charged-public-order-assemblies-permit-police-6369126,Six women to be charged with public order offences,en,False
0bf734cdd78b,asia_oriental,Channel News Asia,channelnewsasia.com,2026-09-04T08:36:49Z,https://www.channelnewsasia.com/business/oil-rallies-week-us-iran-fighting-resumes-diesel-hits-record-high-6361856,Oil rallies for the week as US-Iran fighting resumes; diesel hits record high,en,False
b73315b6019b,asia_oriental,Channel News Asia,channelnewsasia.com,2026-09-03T14:08:46Z,https://www.channelnewsasia.com/business/oil-prices-rise-escalation-in-middle-east-6360811,Oil prices rise on escalation in Middle East,en,False
b08bdb41020b,asia_oriental,Channel News Asia,channelnewsasia.com,2026-09-21T11:49:00Z,https://www.channelnewsasia.com/world/houthis-fight-yemen-highlands-control-trump-airstrikes-6399591,Houthis push for control of Yemen highlands as Trump reported to have called off airstrikes,en,False
551ebdbc6d6e,asia_oriental,Channel News Asia,channelnewsasia.com,2026-09-04T08:36:49Z,https://www.channelnewsasia.com/business/oil-prices-set-weekly-gain-us-iran-hostilities-intensify-6361856,Oil prices set for weekly gain as US-Iran hostilities intensify,en,False
00cfd34702f4,asia_oriental,Channel News Asia,channelnewsasia.com,2026-09-04T08:36:49Z,https://www.channelnewsasia.com/business/oil-heads-weekly-gain-us-iran-fighting-resumes-diesel-hits-record-high-6361856,Oil heads for weekly gain as US-Iran fighting resumes; diesel hits record high,en,False
17bc05c01e7a,asia_oriental,Channel News Asia,channelnewsasia.com,2026-09-12T11:28:00Z,https://www.channelnewsasia.com/asia/brics-india-china-russia-summit-test-unity-6380141,BRICS agrees to joint declaration in test of unity despite Mideast tensions,en,False
62c324c46bbf,asia_oriental,Channel News Asia,channelnewsasia.com,2026-09-16T10:35:49Z,https://www.channelnewsasia.com/business/thailands-pttep-says-every-3-rise-in-lng-prices-could-lift-thai-power-prices-5-6388986,Thailand's PTTEP says every $3 rise in LNG prices could lift Thai power prices by 5%,en,False
a634d3a98afc,asia_oriental,Channel News Asia,channelnewsasia.com,2026-09-09T03:03:44Z,https://www.channelnewsasia.com/singapore/six-charged-prohibited-processions-assemblies-6371541,"6 charged over prohibited processions, public assemblies",en,False
e5adf08f07fb,asia_oriental,Channel News Asia,channelnewsasia.com,2026-09-05T22:53:28Z,https://www.channelnewsasia.com/world/us-iranian-forces-fire-vessels-in-waters-near-iran-6365176,"US, Iranian forces fire at vessels in waters near Iran",en,False
d718feb8f771,asia_oriental,Channel News Asia,channelnewsasia.com,2026-09-15T16:54:10Z,https://www.channelnewsasia.com/world/saudi-egypt-demand-open-red-sea-riyadh-vows-hit-back-against-houthis-6386751,"Saudi, Egypt demand open Red Sea, as Riyadh vows to hit back against Houthis",en,False
2146514f97c3,asia_oriental,Channel News Asia,channelnewsasia.com,2026-09-13T11:22:09Z,https://www.channelnewsasia.com/sport/sabitzer-take-break-austria-national-team-6381286,Sabitzer to take break from Austria national team,en,False
d29111f68022,asia_oriental,Channel News Asia,channelnewsasia.com,2026-09-28T21:51:44Z,https://www.channelnewsasia.com/world/us-stocks-fall-bond-yields-rise-middle-east-war-drags-6416821,"US stocks fall, bond yields rise as Middle East war drags on",en,False
86c4c25d95cd,asia_oriental,Channel News Asia,channelnewsasia.com,2026-09-17T17:47:58Z,https://www.channelnewsasia.com/world/iran-us-war-crimes-against-humanity-un-mission-6392876,"UN mission finds grounds to believe US committed war crimes in Iran, and Tehran crimes against humanity",en,False
03fac0e1a182,asia_oriental,Channel News Asia,channelnewsasia.com,2026-09-01T00:57:11Z,https://www.channelnewsasia.com/business/oil-prices-rise-latest-fighting-resurrects-middle-east-supply-disruption-risks-6353426,Oil prices rise as latest fighting resurrects Middle East supply disruption risks,en,False
abb9e3b8a7a9,asia_oriental,Channel News Asia,channelnewsasia.com,2026-09-10T03:06:00Z,https://www.channelnewsasia.com/world/donald-trump-offers-us5000-republicans-midterm-elections-6374646,"Trump offers US$5,000 to every American if Republicans win midterm elections",en,False
9352198196e2,asia_oriental,Channel News Asia,channelnewsasia.com,2026-09-25T16:23:56Z,https://www.channelnewsasia.com/world/saudi-arabia-pakistan-turkiye-iran-flights-6411596,Allies unite behind Saudi Arabia as more Iranian flights restricted,en,False
bd33b0a90b90,asia_oriental,Channel News Asia,channelnewsasia.com,2026-09-03T19:34:36Z,https://www.channelnewsasia.com/world/machado-venezuela-more-us-oil-deal-6361361,Machado says Venezuela needs 'more than money' after US oil deal,en,False
53d09d14641f,asia_oriental,Channel News Asia,channelnewsasia.com,2026-09-14T16:34:19Z,https://www.channelnewsasia.com/business/oil-prices-climb-over-2-after-strikes-saudi-pipeline-and-ships-in-middle-east-6384081,Oil prices climb over 2% after strikes on Saudi pipeline and ships in Middle East,en,False
bb195dcb0132,asia_oriental,Channel News Asia,channelnewsasia.com,2026-09-24T21:14:00Z,https://www.channelnewsasia.com/sport/late-gakpo-equaliser-earns-dutch-1-1-draw-against-germany-spoil-klopp-debut-6409426,Late Gakpo equaliser earns Dutch 1-1 draw against Germany to spoil Klopp debut,en,False
3c4818b931e3,asia_oriental,Channel News Asia,channelnewsasia.com,2026-09-25T10:09:35Z,https://www.channelnewsasia.com/world/zelenskyy-says-trump-made-final-decision-give-ukraine-patriot-licence-6410706,Zelenskyy says Trump made 'final decision' to give Ukraine Patriot licence,en,False
9728e92764f1,asia_oriental,Channel News Asia,channelnewsasia.com,2026-09-07T11:31:28Z,https://www.channelnewsasia.com/business/oil-prices-rise-six-week-highs-worsening-middle-east-conflict-6366156,Oil prices rise to six-week highs on worsening Middle East conflict,en,False
31a44625fef9,asia_oriental,Channel News Asia,channelnewsasia.com,2026-09-08T22:32:25Z,https://www.channelnewsasia.com/world/iran-us-war-expands-houthis-saudi-arabia-6371136,War expands as Iran-backed Houthis attack Saudi cities and US strikes Iranian tankers,en,False
d3e640336b50,asia_oriental,Channel News Asia,channelnewsasia.com,2026-09-22T14:08:00Z,https://www.channelnewsasia.com/world/iran-us-peace-talk-revival-trump-un-general-assembly-6402351,"Iran, US hint at revival of talks as Trump, Pezeshkian due to attend UN",en,False
b3837d5b5f93,asia_oriental,Channel News Asia,channelnewsasia.com,2026-09-22T07:22:00Z,https://www.channelnewsasia.com/world/us-trump-un-iran-war-ai-6401241,"Trump returns to UN at a moment of anxiety about Iran, AI and the future of world body itself",en,False
2824f8edea76,asia_oriental,Channel News Asia,channelnewsasia.com,2026-09-27T18:12:00Z,https://www.channelnewsasia.com/world/trump-iran-talks-rejects-deal-6414031,Trump expects new Iran talks despite rejecting deal offer,en,False
5658aaef032b,asia_oriental,Channel News Asia,channelnewsasia.com,2026-09-11T11:39:00Z,https://www.channelnewsasia.com/asia/modi-putin-india-russia-brics-6378696,"Modi, Putin agree to strengthen India-Russia partnership on eve of BRICS summit",en,False
c9a56a260367,asia_oriental,Channel News Asia,channelnewsasia.com,2026-09-13T17:35:00Z,https://www.channelnewsasia.com/world/trump-chastises-zelenskyy-over-russian-refinery-strikes-during-ireland-visit-6381601,Trump chastises Zelenskyy over Russian refinery strikes during Ireland visit,en,False
fc2959989cc7,asia_oriental,Channel News Asia,channelnewsasia.com,2026-09-27T21:02:41Z,https://www.channelnewsasia.com/sport/greece-stun-germany-1-0-in-losing-home-debut-klopp-6414211,Greece stun Germany 1-0 in losing home debut for Klopp,en,False
